Workbook

Sheet Read Me First
A1: Embodied Carbon Calculator
A2: Reusable template, pre-filled with a worked example
A4: What this is
A5: - Estimates the embodied carbon (A1-A3 material + A4 transport + A5 construction) of the main structural/envelope materials for a construction project.
A6: - Every total in the 'Calculator' tab is a live formula, not a typed-in number. Click any cell in columns E-M to see exactly how it was calculated and where the factor came from.
A8: Using it for a DIFFERENT project
A9: - The Calculator tab has 8 pre-filled rows (the worked example) followed by 15 blank template rows with the same live formulas already in place.
A10: - To model a new project: clear the Element/Quantity/Unit cells you don't need, or use the blank rows below. Pick the Material from the dropdown list (so it always matches the Carbon Factors tab exactly) and type the Unit as either 'm3' or 'kg'.
A11: - Update the project assumptions at the top of the Calculator tab (project name, transport distance, A5 allowance) for the new project.
A12: - Need more than 23 rows? Select a row inside the block, copy it, and insert/paste extra rows -- the formulas use fixed references to the Carbon Factors and assumption cells, so they copy down correctly.
A13: - If you add new materials, add them to the 'Carbon Factors' tab first (with a density if it's a volume-based material) so the dropdown and VLOOKUPs pick them up.
A15: Tabs in this workbook
... A22: - The factors in this workbook are illustrative, representative figures based on the ICE Database (University of Bath / Circular Ecology) and UK Government transport conversion factors. For a real project, check current product-specific Environmental Product Declarations (EPDs) or the live ICE Database (v4.1) rather than relying on these numbers.

Sheet Methodology
A1: Methodology
A2: How the numbers in this workbook are worked out
A4: 1. Embodied carbon vs operational carbon
A5: - Operational carbon is the CO2e a building produces while it's in use (heating, lighting, etc). Embodied carbon is the CO2e released making, transporting and building it in the first place - before anyone even moves in. This workbook only covers embodied carbon.
A7: 2. The calculation
A8: - Mass incl. waste (kg) = Quantity x Density (for volume-based materials, e.g. concrete in m3) or just Quantity (for materials already taken off by mass, e.g. kg of steel) x (1 + Waste allowance %).
A9: - A1-A3 Carbon (kgCO2e) = Mass incl. waste x A1-A3 Carbon Factor.
A10: - A4 Transport Carbon (kgCO2e) = Mass (tonnes) x Transport distance (km) x Transport emission factor (kgCO2e per tonne.km).
A11: - A5 Construction Carbon (kgCO2e) = (A1-A3 + A4) x A5 allowance % - a default percentage uplift for on-site plant/energy use, used because granular construction-phase data isn't normally available at this stage (this is a recognised simplification - RICS whole life carbon guidance permits default assumptions for A5 when project-specific data is missing).
A12: - Total Carbon = A1-A3 + A4 + A5. Every one of these is a live formula in the 'Calculator' tab, referencing the 'Carbon Factors' tab and the project assumption cells at the top of the sheet - nothing is pasted in as a static number.
A14: 3. Scope: what 'A1-A5' means (and what's still excluded)
A15: - Construction carbon assessments are broken into life-cycle stages (BS EN 15978). This workbook covers stages A1-A3 (raw material extraction, transport to factory, manufacture), A4 (transport to site) and A5 (construction/installation, via a default % allowance).
... A31: - Growing timber absorbs (sequesters) CO2. Some carbon accounting methods show this as a negative figure at A1-A3 and then add it back at end of life when the timber decays or is burned; others exclude it entirely, which is the convention used here. In practice this means timber's true climate impact is more favourable than the flat 0.31 kgCO2e/kg figure alone suggests - worth knowing if asked about it.

Sheet Carbon Factors
A1: Carbon Factors (Reference Table)
A2: Representative A1-A3 factors + typical waste allowances, ICE Database (Univ. of Bath / Circular Ecology)
A4: Material | B4: Unit | C4: Density (kg/m3) | D4: Carbon Factor A1-A3 (kgCO2e/kg) | E4: Typical Waste Allowance (%) | F4: Source / Notes
A5: Ready-mix concrete (general use, 30-40MPa) | B5: kg | C5: 2400 | D5: 0.103 | E5: 0.05 | F5: ICE DB, general concrete mix, cradle-to-gate A1-A3
A6: Reinforcement steel bar (rebar) - UK average (~66% recycled) | B6: kg | C6: - | D6: 0.456 | E6: 0.05 | F6: ICE DB / UK steel sector average recycled content
A7: Reinforcement steel bar (rebar) - virgin (0% recycled) | B7: kg | C7: - | D7: 1.99 | E7: 0.05 | F7: ICE DB, primary/virgin production - shown for comparison only
A8: Structural steel sections (hot rolled, virgin) | B8: kg | C8: - | D8: 1.55 | E8: 0.05 | F8: ICE DB
A9: Common clay facing brick | B9: kg | C9: 1700 | D9: 0.24 | E9: 0.1 | F9: ICE DB, fired clay brick, ~2.3 kg per standard brick
A10: Concrete blockwork (dense aggregate) | B10: kg | C10: 2000 | D10: 0.107 | E10: 0.08 | F10: ICE DB
A11: General purpose cement mortar | B11: kg | C11: - | D11: 0.163 | E11: 0.1 | F11: ICE DB
A12: Sawn softwood timber (structural, e.g. C16/C24) | B12: kg | C12: 480 | D12: 0.31 | E12: 0.1 | F12: ICE DB - excludes biogenic carbon storage, see Methodology
A13: Plasterboard | B13: kg | C13: - | D13: 0.39 | E13: 0.1 | F13: ICE DB, gypsum plasterboard
A14: Mineral wool insulation | B14: kg | C14: - | D14: 1.28 | E14: 0.05 | F14: ICE DB, glass/stone mineral wool
A15: Concrete roof tile | B15: kg | C15: - | D15: 0.098 | E15: 0.08 | F15: ICE DB
A16: Float glass (double-glazed units) | B16: kg | C16: - | D16: 0.86 | E16: 0.03 | F16: ICE DB, flat glass

Sheet Calculator
A1: Calculator
A2: Reusable template - pre-filled with a worked example (small single-storey domestic extension)
A4: Project name: | C4: Small single-storey domestic side extension (~15m2 footprint)
A5: Average transport distance to site (km): | C5: 50
A6: Transport emission factor (kgCO2e per tonne.km - UK HGV road avg): | C6: 0.105
A7: A5 construction/site energy allowance (% of A1-A4): | C7: 0.05
A8: (Yellow cells are editable assumptions - change them here and every row below recalculates.)
A10: Worked example rows below, followed by blank template rows for a new project. Material has a dropdown list; Unit must be 'm3' or 'kg'.
A11: Element | B11: Material | C11: Quantity | D11: Unit | E11: Waste % | F11: Density (kg/m3) | G11: Mass incl. waste (kg) | H11: A1-A3 Factor (kgCO2e/kg) | I11: A1-A3 Carbon (kgCO2e) | J11: A4 Transport (kgCO2e) | K11: A5 Construction (kgCO2e) | L11: Total Carbon (kgCO2e) | M11: Total Carbon (tCO2e)
A12: Foundation (strip footing) | B12: Ready-mix concrete (general use, 30-40MPa) | C12: 4.5 | D12: m3 | E12: =IFERROR(VLOOKUP(B12,'Carbon Factors'!$A$5:$F$16,5,FALSE),"") | F12: =IFERROR(VLOOKUP(B12,'Carbon Factors'!$A$5:$F$16,3,FALSE),"") | G12: =IFERROR(IF(D12="m3",C12*F12,C12)*(1+E12),"") | H12: =IFERROR(VLOOKUP(B12,'Carbon Factors'!$A$5:$F$16,4,FALSE),"") | I12: =IFERROR(G12*H12,"") | J12: =IFERROR((G12/1000)*$C$5*$C$6,"") | K12: =IFERROR((I12+J12)*$C$7,"") | L12: =IFERROR(I12+J12+K12,"") | M12: =IFERROR(L12/1000,"")
A13: Ground floor slab | B13: Ready-mix concrete (general use, 30-40MPa) | C13: 2.25 | D13: m3 | E13: =IFERROR(VLOOKUP(B13,'Carbon Factors'!$A$5:$F$16,5,FALSE),"") | F13: =IFERROR(VLOOKUP(B13,'Carbon Factors'!$A$5:$F$16,3,FALSE),"") | G13: =IFERROR(IF(D13="m3",C13*F13,C13)*(1+E13),"") | H13: =IFERROR(VLOOKUP(B13,'Carbon Factors'!$A$5:$F$16,4,FALSE),"") | I13: =IFERROR(G13*H13,"") | J13: =IFERROR((G13/1000)*$C$5*$C$6,"") | K13: =IFERROR((I13+J13)*$C$7,"") | L13: =IFERROR(I13+J13+K13,"") | M13: =IFERROR(L13/1000,"")
A14: Reinforcement (foundation + slab) | B14: Reinforcement steel bar (rebar) - UK average (~66% recycled) | C14: 350 | D14: kg | E14: =IFERROR(VLOOKUP(B14,'Carbon Factors'!$A$5:$F$16,5,FALSE),"") | F14: =IFERROR(VLOOKUP(B14,'Carbon Factors'!$A$5:$F$16,3,FALSE),"") | G14: =IFERROR(IF(D14="m3",C14*F14,C14)*(1+E14),"") | H14: =IFERROR(VLOOKUP(B14,'Carbon Factors'!$A$5:$F$16,4,FALSE),"") | I14: =IFERROR(G14*H14,"") | J14: =IFERROR((G14/1000)*$C$5*$C$6,"") | K14: =IFERROR((I14+J14)*$C$7,"") | L14: =IFERROR(I14+J14+K14,"") | M14: =IFERROR(L14/1000,"")
A15: Lintels over openings | B15: Structural steel sections (hot rolled, virgin) | C15: 45 | D15: kg | E15: =IFERROR(VLOOKUP(B15,'Carbon Factors'!$A$5:$F$16,5,FALSE),"") | F15: =IFERROR(VLOOKUP(B15,'Carbon Factors'!$A$5:$F$16,3,FALSE),"") | G15: =IFERROR(IF(D15="m3",C15*F15,C15)*(1+E15),"") | H15: =IFERROR(VLOOKUP(B15,'Carbon Factors'!$A$5:$F$16,4,FALSE),"") | I15: =IFERROR(G15*H15,"") | J15: =IFERROR((G15/1000)*$C$5*$C$6,"") | K15: =IFERROR((I15+J15)*$C$7,"") | L15: =IFERROR(I15+J15+K15,"") | M15: =IFERROR(L15/1000,"")
A16: External walls - outer leaf (facing brick) | B16: Common clay facing brick | C16: 4140 | D16: kg | E16: =IFERROR(VLOOKUP(B16,'Carbon Factors'!$A$5:$F$16,5,FALSE),"") | F16: =IFERROR(VLOOKUP(B16,'Carbon Factors'!$A$5:$F$16,3,FALSE),"") | G16: =IFERROR(IF(D16="m3",C16*F16,C16)*(1+E16),"") | H16: =IFERROR(VLOOKUP(B16,'Carbon Factors'!$A$5:$F$16,4,FALSE),"") | I16: =IFERROR(G16*H16,"") | J16: =IFERROR((G16/1000)*$C$5*$C$6,"") | K16: =IFERROR((I16+J16)*$C$7,"") | L16: =IFERROR(I16+J16+K16,"") | M16: =IFERROR(L16/1000,"")
A17: External walls - inner leaf (blockwork) | B17: Concrete blockwork (dense aggregate) | C17: 3000 | D17: kg | E17: =IFERROR(VLOOKUP(B17,'Carbon Factors'!$A$5:$F$16,5,FALSE),"") | F17: =IFERROR(VLOOKUP(B17,'Carbon Factors'!$A$5:$F$16,3,FALSE),"") | G17: =IFERROR(IF(D17="m3",C17*F17,C17)*(1+E17),"") | H17: =IFERROR(VLOOKUP(B17,'Carbon Factors'!$A$5:$F$16,4,FALSE),"") | I17: =IFERROR(G17*H17,"") | J17: =IFERROR((G17/1000)*$C$5*$C$6,"") | K17: =IFERROR((I17+J17)*$C$7,"") | L17: =IFERROR(I17+J17+K17,"") | M17: =IFERROR(L17/1000,"")
A18: Mortar (brick/block bedding & pointing) | B18: General purpose cement mortar | C18: 500 | D18: kg | E18: =IFERROR(VLOOKUP(B18,'Carbon Factors'!$A$5:$F$16,5,FALSE),"") | F18: =IFERROR(VLOOKUP(B18,'Carbon Factors'!$A$5:$F$16,3,FALSE),"") | G18: =IFERROR(IF(D18="m3",C18*F18,C18)*(1+E18),"") | H18: =IFERROR(VLOOKUP(B18,'Carbon Factors'!$A$5:$F$16,4,FALSE),"") | I18: =IFERROR(G18*H18,"") | J18: =IFERROR((G18/1000)*$C$5*$C$6,"") | K18: =IFERROR((I18+J18)*$C$7,"") | L18: =IFERROR(I18+J18+K18,"") | M18: =IFERROR(L18/1000,"")
A19: Roof structure (rafters, purlins, wall plates) | B19: Sawn softwood timber (structural, e.g. C16/C24) | C19: 600 | D19: kg | E19: =IFERROR(VLOOKUP(B19,'Carbon Factors'!$A$5:$F$16,5,FALSE),"") | F19: =IFERROR(VLOOKUP(B19,'Carbon Factors'!$A$5:$F$16,3,FALSE),"") | G19: =IFERROR(IF(D19="m3",C19*F19,C19)*(1+E19),"") | H19: =IFERROR(VLOOKUP(B19,'Carbon Factors'!$A$5:$F$16,4,FALSE),"") | I19: =IFERROR(G19*H19,"") | J19: =IFERROR((G19/1000)*$C$5*$C$6,"") | K19: =IFERROR((I19+J19)*$C$7,"") | L19: =IFERROR(I19+J19+K19,"") | M19: =IFERROR(L19/1000,"")
E20: =IFERROR(VLOOKUP(B20,'Carbon Factors'!$A$5:$F$16,5,FALSE),"") | F20: =IFERROR(VLOOKUP(B20,'Carbon Factors'!$A$5:$F$16,3,FALSE),"") | G20: =IFERROR(IF(D20="m3",C20*F20,C20)*(1+E20),"") | H20: =IFERROR(VLOOKUP(B20,'Carbon Factors'!$A$5:$F$16,4,FALSE),"") | I20: =IFERROR(G20*H20,"") | J20: =IFERROR((G20/1000)*$C$5*$C$6,"") | K20: =IFERROR((I20+J20)*$C$7,"") | L20: =IFERROR(I20+J20+K20,"") | M20: =IFERROR(L20/1000,"")
E21: =IFERROR(VLOOKUP(B21,'Carbon Factors'!$A$5:$F$16,5,FALSE),"") | F21: =IFERROR(VLOOKUP(B21,'Carbon Factors'!$A$5:$F$16,3,FALSE),"") | G21: =IFERROR(IF(D21="m3",C21*F21,C21)*(1+E21),"") | H21: =IFERROR(VLOOKUP(B21,'Carbon Factors'!$A$5:$F$16,4,FALSE),"") | I21: =IFERROR(G21*H21,"") | J21: =IFERROR((G21/1000)*$C$5*$C$6,"") | K21: =IFERROR((I21+J21)*$C$7,"") | L21: =IFERROR(I21+J21+K21,"") | M21: =IFERROR(L21/1000,"")
E22: =IFERROR(VLOOKUP(B22,'Carbon Factors'!$A$5:$F$16,5,FALSE),"") | F22: =IFERROR(VLOOKUP(B22,'Carbon Factors'!$A$5:$F$16,3,FALSE),"") | G22: =IFERROR(IF(D22="m3",C22*F22,C22)*(1+E22),"") | H22: =IFERROR(VLOOKUP(B22,'Carbon Factors'!$A$5:$F$16,4,FALSE),"") | I22: =IFERROR(G22*H22,"") | J22: =IFERROR((G22/1000)*$C$5*$C$6,"") | K22: =IFERROR((I22+J22)*$C$7,"") | L22: =IFERROR(I22+J22+K22,"") | M22: =IFERROR(L22/1000,"")
E23: =IFERROR(VLOOKUP(B23,'Carbon Factors'!$A$5:$F$16,5,FALSE),"") | F23: =IFERROR(VLOOKUP(B23,'Carbon Factors'!$A$5:$F$16,3,FALSE),"") | G23: =IFERROR(IF(D23="m3",C23*F23,C23)*(1+E23),"") | H23: =IFERROR(VLOOKUP(B23,'Carbon Factors'!$A$5:$F$16,4,FALSE),"") | I23: =IFERROR(G23*H23,"") | J23: =IFERROR((G23/1000)*$C$5*$C$6,"") | K23: =IFERROR((I23+J23)*$C$7,"") | L23: =IFERROR(I23+J23+K23,"") | M23: =IFERROR(L23/1000,"")
E24: =IFERROR(VLOOKUP(B24,'Carbon Factors'!$A$5:$F$16,5,FALSE),"") | F24: =IFERROR(VLOOKUP(B24,'Carbon Factors'!$A$5:$F$16,3,FALSE),"") | G24: =IFERROR(IF(D24="m3",C24*F24,C24)*(1+E24),"") | H24: =IFERROR(VLOOKUP(B24,'Carbon Factors'!$A$5:$F$16,4,FALSE),"") | I24: =IFERROR(G24*H24,"") | J24: =IFERROR((G24/1000)*$C$5*$C$6,"") | K24: =IFERROR((I24+J24)*$C$7,"") | L24: =IFERROR(I24+J24+K24,"") | M24: =IFERROR(L24/1000,"")
E25: =IFERROR(VLOOKUP(B25,'Carbon Factors'!$A$5:$F$16,5,FALSE),"") | F25: =IFERROR(VLOOKUP(B25,'Carbon Factors'!$A$5:$F$16,3,FALSE),"") | G25: =IFERROR(IF(D25="m3",C25*F25,C25)*(1+E25),"") | H25: =IFERROR(VLOOKUP(B25,'Carbon Factors'!$A$5:$F$16,4,FALSE),"") | I25: =IFERROR(G25*H25,"") | J25: =IFERROR((G25/1000)*$C$5*$C$6,"") | K25: =IFERROR((I25+J25)*$C$7,"") | L25: =IFERROR(I25+J25+K25,"") | M25: =IFERROR(L25/1000,"")
E26: =IFERROR(VLOOKUP(B26,'Carbon Factors'!$A$5:$F$16,5,FALSE),"") | F26: =IFERROR(VLOOKUP(B26,'Carbon Factors'!$A$5:$F$16,3,FALSE),"") | G26: =IFERROR(IF(D26="m3",C26*F26,C26)*(1+E26),"") | H26: =IFERROR(VLOOKUP(B26,'Carbon Factors'!$A$5:$F$16,4,FALSE),"") | I26: =IFERROR(G26*H26,"") | J26: =IFERROR((G26/1000)*$C$5*$C$6,"") | K26: =IFERROR((I26+J26)*$C$7,"") | L26: =IFERROR(I26+J26+K26,"") | M26: =IFERROR(L26/1000,"")
E27: =IFERROR(VLOOKUP(B27,'Carbon Factors'!$A$5:$F$16,5,FALSE),"") | F27: =IFERROR(VLOOKUP(B27,'Carbon Factors'!$A$5:$F$16,3,FALSE),"") | G27: =IFERROR(IF(D27="m3",C27*F27,C27)*(1+E27),"") | H27: =IFERROR(VLOOKUP(B27,'Carbon Factors'!$A$5:$F$16,4,FALSE),"") | I27: =IFERROR(G27*H27,"") | J27: =IFERROR((G27/1000)*$C$5*$C$6,"") | K27: =IFERROR((I27+J27)*$C$7,"") | L27: =IFERROR(I27+J27+K27,"") | M27: =IFERROR(L27/1000,"")
E28: =IFERROR(VLOOKUP(B28,'Carbon Factors'!$A$5:$F$16,5,FALSE),"") | F28: =IFERROR(VLOOKUP(B28,'Carbon Factors'!$A$5:$F$16,3,FALSE),"") | G28: =IFERROR(IF(D28="m3",C28*F28,C28)*(1+E28),"") | H28: =IFERROR(VLOOKUP(B28,'Carbon Factors'!$A$5:$F$16,4,FALSE),"") | I28: =IFERROR(G28*H28,"") | J28: =IFERROR((G28/1000)*$C$5*$C$6,"") | K28: =IFERROR((I28+J28)*$C$7,"") | L28: =IFERROR(I28+J28+K28,"") | M28: =IFERROR(L28/1000,"")
E29: =IFERROR(VLOOKUP(B29,'Carbon Factors'!$A$5:$F$16,5,FALSE),"") | F29: =IFERROR(VLOOKUP(B29,'Carbon Factors'!$A$5:$F$16,3,FALSE),"") | G29: =IFERROR(IF(D29="m3",C29*F29,C29)*(1+E29),"") | H29: =IFERROR(VLOOKUP(B29,'Carbon Factors'!$A$5:$F$16,4,FALSE),"") | I29: =IFERROR(G29*H29,"") | J29: =IFERROR((G29/1000)*$C$5*$C$6,"") | K29: =IFERROR((I29+J29)*$C$7,"") | L29: =IFERROR(I29+J29+K29,"") | M29: =IFERROR(L29/1000,"")
E30: =IFERROR(VLOOKUP(B30,'Carbon Factors'!$A$5:$F$16,5,FALSE),"") | F30: =IFERROR(VLOOKUP(B30,'Carbon Factors'!$A$5:$F$16,3,FALSE),"") | G30: =IFERROR(IF(D30="m3",C30*F30,C30)*(1+E30),"") | H30: =IFERROR(VLOOKUP(B30,'Carbon Factors'!$A$5:$F$16,4,FALSE),"") | I30: =IFERROR(G30*H30,"") | J30: =IFERROR((G30/1000)*$C$5*$C$6,"") | K30: =IFERROR((I30+J30)*$C$7,"") | L30: =IFERROR(I30+J30+K30,"") | M30: =IFERROR(L30/1000,"")
E31: =IFERROR(VLOOKUP(B31,'Carbon Factors'!$A$5:$F$16,5,FALSE),"") | F31: =IFERROR(VLOOKUP(B31,'Carbon Factors'!$A$5:$F$16,3,FALSE),"") | G31: =IFERROR(IF(D31="m3",C31*F31,C31)*(1+E31),"") | H31: =IFERROR(VLOOKUP(B31,'Carbon Factors'!$A$5:$F$16,4,FALSE),"") | I31: =IFERROR(G31*H31,"") | J31: =IFERROR((G31/1000)*$C$5*$C$6,"") | K31: =IFERROR((I31+J31)*$C$7,"") | L31: =IFERROR(I31+J31+K31,"") | M31: =IFERROR(L31/1000,"")
... E34: =IFERROR(VLOOKUP(B34,'Carbon Factors'!$A$5:$F$16,5,FALSE),"") | F34: =IFERROR(VLOOKUP(B34,'Carbon Factors'!$A$5:$F$16,3,FALSE),"") | G34: =IFERROR(IF(D34="m3",C34*F34,C34)*(1+E34),"") | H34: =IFERROR(VLOOKUP(B34,'Carbon Factors'!$A$5:$F$16,4,FALSE),"") | I34: =IFERROR(G34*H34,"") | J34: =IFERROR((G34/1000)*$C$5*$C$6,"") | K34: =IFERROR((I34+J34)*$C$7,"") | L34: =IFERROR(I34+J34+K34,"") | M34: =IFERROR(L34/1000,"")
A35: TOTAL (A1-A5 embodied carbon) | L35: =SUM(L12:L34) | M35: =SUM(M12:M34)
A37: COMPARISON (not included in total): same reinforcement mass, virgin steel instead of UK-average recycled
A38: Element | B38: Material | C38: Quantity | D38: Unit | E38: Waste % | F38: Density (kg/m3) | G38: Mass incl. waste (kg) | H38: A1-A3 Factor (kgCO2e/kg) | I38: A1-A3 Carbon (kgCO2e) | J38: A4 Transport (kgCO2e) | K38: A5 Construction (kgCO2e) | L38: Total Carbon (kgCO2e) | M38: Total Carbon (tCO2e)
A39: Reinforcement (foundation + slab) - IF VIRGIN STEEL | B39: Reinforcement steel bar (rebar) - virgin (0% recycled) | C39: =C14 | D39: kg | E39: =IFERROR(VLOOKUP(B39,'Carbon Factors'!$A$5:$F$16,5,FALSE),"") | F39: =IFERROR(VLOOKUP(B39,'Carbon Factors'!$A$5:$F$16,3,FALSE),"") | G39: =IFERROR(IF(D39="m3",C39*F39,C39)*(1+E39),"") | H39: =IFERROR(VLOOKUP(B39,'Carbon Factors'!$A$5:$F$16,4,FALSE),"") | I39: =IFERROR(G39*H39,"") | J39: =IFERROR((G39/1000)*$C$5*$C$6,"") | K39: =IFERROR((I39+J39)*$C$7,"") | L39: =IFERROR(I39+J39+K39,"") | M39: =IFERROR(L39/1000,"")
A40: Difference vs. UK-average recycled steel (same mass) | L40: =L39-L14 | M40: =M39-M14

Sheet Summary
A1: Summary
A2: Total result and breakdown by building element (worked example)
A4: Total embodied carbon (A1-A5) | B4: =Calculator!M35
A5: tCO2e
A7: If reinforcement had used virgin steel instead of UK-average recycled steel: | B7: =Calculator!M35+Calculator!M40
A8: tCO2e total (the extra carbon from that one sourcing choice is broken out in the 'Difference' row on the Calculator tab)
A11: Element | B11: Embodied Carbon (tCO2e)
A12: =Calculator!A12 | B12: =Calculator!M12
A13: =Calculator!A13 | B13: =Calculator!M13
A14: =Calculator!A14 | B14: =Calculator!M14
A15: =Calculator!A15 | B15: =Calculator!M15
A16: =Calculator!A16 | B16: =Calculator!M16
A17: =Calculator!A17 | B17: =Calculator!M17
A18: =Calculator!A18 | B18: =Calculator!M18
A19: =Calculator!A19 | B19: =Calculator!M19
A20: (Chart covers the worked example rows only - extend the data range in Excel's 'Select Data' if you add rows for a new project.)
